,precision,recall,f1-score,support,model,accuracy,best_score,best_params
0,0.4825679232101177,0.4275,0.3255772864076822,3200.0,DecisionTree,0.4275,0.42699652777777775,"{'criterion': 'gini', 'max_depth': 30}"
1,0.890363038237646,0.8903125,0.8898942405460708,3200.0,RandomForest,0.8903125,0.8800347222222221,{'n_estimators': 200}
2,0.8631748343739436,0.859375,0.8593273138892883,3200.0,LightGBM,0.859375,0.8313368055555557,{'learning_rate': 0.1}
3,0.8827287034727136,0.8821875,0.8821581967123016,3200.0,XGBoost,0.8821875,0.8835069444444444,"{'learning_rate': 1, 'n_estimators': 100}"
4,0.1426900546159267,0.334375,0.17412417909989736,3200.0,AdaBoost,0.334375,0.33350694444444445,"{'algorithm': 'SAMME', 'learning_rate': 1, 'n_estimators': 200}"
