,precision,recall,f1-score,support,model,accuracy,best_score,best_params
0,0.6000847881301382,0.45423465423465426,0.3837988317925178,6435.0,DecisionTree,0.45423465423465426,0.4548203974863812,{'max_depth': 30}
1,0.9574797593230856,0.9574203574203575,0.9574192734608565,6435.0,SVM,0.9574203574203575,0.944825577342389,{'C': 10}
2,0.829582630362089,0.7571095571095571,0.7347681636764992,6435.0,KNN,0.7571095571095571,0.7344903480214591,{'n_neighbors': 3}
3,0.9408669859927852,0.9406371406371407,0.9400683235974021,6435.0,RandomForest,0.9406371406371407,0.9301040127761084,{'n_estimators': 200}
4,0.918304263464285,0.9179487179487179,0.9173616064253907,6435.0,NaiveBayes,0.9179487179487179,0.9123600516233509,"{'alpha': 1, 'fit_prior': False}"
5,0.9429135774507504,0.9425019425019425,0.942329368166863,6435.0,LightGBM,0.9425019425019425,0.9275565264135377,{'learning_rate': 0.1}
6,0.948143846025661,0.9480963480963481,0.9478051781606049,6435.0,LogisticRegression,0.9480963480963481,0.9385658080295783,{'C': 10}
7,0.9443592153383881,0.9442113442113442,0.944201999656893,6435.0,XGBoost,0.9442113442113442,0.9347235160989328,"{'learning_rate': 1, 'n_estimators': 200}"
