,precision,recall,f1-score,support,model,accuracy,best_score,best_params
0,0.44727183152835814,0.43166666666666664,0.3294081800030623,4800.0,DecisionTree,0.43166666666666664,0.426875,{'max_depth': 30}
1,0.8864566342874615,0.8852083333333334,0.8853379283671831,4800.0,RandomForest,0.8852083333333334,0.8720535714285715,{'n_estimators': 200}
2,0.8563528733597716,0.8533333333333334,0.8532433127964932,4800.0,LightGBM,0.8533333333333334,0.8239285714285713,{'learning_rate': 0.1}
3,0.8890313397704969,0.888125,0.8884064567594593,4800.0,XGBoost,0.888125,0.8785714285714287,"{'learning_rate': 1, 'n_estimators': 200}"
4,0.2907833264680013,0.349375,0.23040662411209406,4800.0,AdaBoost,0.349375,0.3576785714285714,"{'learning_rate': 1, 'n_estimators': 100}"
